-- MySQL dump 10.13  Distrib 8.0.20, for macos10.15 (x86_64)
--
-- Host: 127.0.0.1    Database: ossp_test
-- ------------------------------------------------------
-- Server version	8.0.24

/*!40101 SET @OLD_CHARACTER_SET_CLIENT=@@CHARACTER_SET_CLIENT */;
/*!40101 SET @OLD_CHARACTER_SET_RESULTS=@@CHARACTER_SET_RESULTS */;
/*!40101 SET @OLD_COLLATION_CONNECTION=@@COLLATION_CONNECTION */;
/*!50503 SET NAMES utf8 */;
/*!40103 SET @OLD_TIME_ZONE=@@TIME_ZONE */;
/*!40103 SET TIME_ZONE='+00:00' */;
/*!40014 SET @OLD_UNIQUE_CHECKS=@@UNIQUE_CHECKS, UNIQUE_CHECKS=0 */;
/*!40014 SET @OLD_FOREIGN_KEY_CHECKS=@@FOREIGN_KEY_CHECKS, FOREIGN_KEY_CHECKS=0 */;
/*!40101 SET @OLD_SQL_MODE=@@SQL_MODE, SQL_MODE='NO_AUTO_VALUE_ON_ZERO' */;
/*!40111 SET @OLD_SQL_NOTES=@@SQL_NOTES, SQL_NOTES=0 */;

--
-- Table structure for table `CONVERSION`
--

DROP TABLE IF EXISTS `CONVERSION`;
/*!40101 SET @saved_cs_client     = @@character_set_client */;
/*!50503 SET character_set_client = utf8mb4 */;
CREATE TABLE `CONVERSION` (
  `Hwid` int NOT NULL,
  `Pwid` int NOT NULL,
  `HconFlag` tinyint(1) DEFAULT NULL,
  `PconFlag` tinyint(1) DEFAULT NULL,
  PRIMARY KEY (`Hwid`,`Pwid`),
  KEY `Pwid` (`Pwid`),
  CONSTRAINT `conversion_ibfk_1` FOREIGN KEY (`Hwid`) REFERENCES `WORDS` (`Wid`),
  CONSTRAINT `conversion_ibfk_2` FOREIGN KEY (`Pwid`) REFERENCES `WORDS` (`Wid`)
) ENGINE=InnoDB DEFAULT CHARSET=utf8mb4 COLLATE=utf8mb4_0900_ai_ci;
/*!40101 SET character_set_client = @saved_cs_client */;

--
-- Dumping data for table `CONVERSION`
--

LOCK TABLES `CONVERSION` WRITE;
/*!40000 ALTER TABLE `CONVERSION` DISABLE KEYS */;
INSERT INTO `CONVERSION` VALUES (1,2,0,0),(3,4,0,0),(5,6,0,0),(7,8,0,0),(11,12,0,0),(13,14,0,1),(15,16,0,0),(17,18,0,0),(19,20,1,0),(21,22,0,0),(23,24,0,0),(25,26,0,0),(27,28,0,0),(29,30,0,0);
/*!40000 ALTER TABLE `CONVERSION` ENABLE KEYS */;
UNLOCK TABLES;

--
-- Table structure for table `ENGWORDS`
--

DROP TABLE IF EXISTS `ENGWORDS`;
/*!40101 SET @saved_cs_client     = @@character_set_client */;
/*!50503 SET character_set_client = utf8mb4 */;
CREATE TABLE `ENGWORDS` (
  `Wid` int NOT NULL,
  `Eng` varchar(20) NOT NULL,
  `Conflag` tinyint(1) DEFAULT NULL,
  `Irrflag` tinyint(1) DEFAULT NULL,
  PRIMARY KEY (`Wid`,`Eng`),
  CONSTRAINT `engwords_ibfk_1` FOREIGN KEY (`Wid`) REFERENCES `WORDS` (`Wid`)
) ENGINE=InnoDB DEFAULT CHARSET=utf8mb4 COLLATE=utf8mb4_0900_ai_ci;
/*!40101 SET character_set_client = @saved_cs_client */;

--
-- Dumping data for table `ENGWORDS`
--

LOCK TABLES `ENGWORDS` WRITE;
/*!40000 ALTER TABLE `ENGWORDS` DISABLE KEYS */;
INSERT INTO `ENGWORDS` VALUES (9,'bottom',0,0),(9,'end',0,0),(9,'horse',0,0),(9,'speech',1,0),(9,'talk',1,0),(9,'word',1,0),(11,'feed',0,0),(11,'food',0,0),(11,'meal',1,0),(11,'rice',0,0),(14,'eat',1,1),(14,'enter',0,0),(14,'have',1,0),(14,'lift',0,1),(14,'raise',0,1),(19,'ask',1,1),(19,'blame',0,1),(19,'bury',0,0),(19,'inquire',1,1);
/*!40000 ALTER TABLE `ENGWORDS` ENABLE KEYS */;
UNLOCK TABLES;

--
-- Table structure for table `WORDS`
--

DROP TABLE IF EXISTS `WORDS`;
/*!40101 SET @saved_cs_client     = @@character_set_client */;
/*!50503 SET character_set_client = utf8mb4 */;
CREATE TABLE `WORDS` (
  `Wid` int NOT NULL AUTO_INCREMENT,
  `Word` varchar(10) NOT NULL,
  `Class` varchar(5) NOT NULL,
  `Conjugation` tinyint(1) DEFAULT NULL,
  PRIMARY KEY (`Wid`)
) ENGINE=InnoDB AUTO_INCREMENT=1689 DEFAULT CHARSET=utf8mb4 COLLATE=utf8mb4_0900_ai_ci;
/*!40101 SET character_set_client = @saved_cs_client */;

--
-- Dumping data for table `WORDS`
--

LOCK TABLES `WORDS` WRITE;
/*!40000 ALTER TABLE `WORDS` DISABLE KEYS */;
INSERT INTO `WORDS` VALUES (1,'나이','NNG',NULL),(2,'연세','NNG',NULL),(3,'아들','NNG',NULL),(4,'아드님','NNG',NULL),(5,'딸','NNG',NULL),(6,'따님','NNG',NULL),(7,'이름','NNG',NULL),(8,'성함','NNG',NULL),(9,'말','NNG',1),(10,'말씀','NNG',NULL),(11,'밥','NNG',NULL),(12,'식사','NNG',NULL),(13,'먹','VV',1),(14,'들','VV',1),(15,'만나','VV',1),(16,'뵈','VV',1),(17,'말하','VV',NULL),(18,'말씀하','VV',NULL),(19,'묻','VV',1),(20,'여쭈','VV',1),(21,'아프','VA',1),(22,'편찮','VA',1),(23,'자','VV',1),(24,'주무시','VV',NULL),(25,'주','VV',1),(26,'드리','VV',1),(27,'죽','VV',1),(28,'돌아가시','VV',NULL),(29,'데리','VV',1),(30,'모시','VV',1),(33,'뒹굴','VV',1),(34,'이끌','VV',1),(35,'헹구','VV',1),(36,'친하','VA',1),(37,'붙','VV',1),(38,'굽','VV',1),(39,'귀찮','VA',1),(40,'흔들','VV',1),(41,'떠돌','VV',1),(42,'나타나','VV',1),(43,'힘쓰','VV',1),(44,'넘어가','VV',1),(45,'논하','VV',1),(46,'치밀','VV',1),(47,'입히','VV',1),(48,'못살','VV',1),(49,'밀어내','VV',1),(50,'맡기','VV',1),(51,'부럽','VA',1),(52,'푸','VV',1),(53,'빗대','VV',1),(54,'채우','VV',1),(55,'나타내','VV',1),(56,'까','VV',1),(57,'통하','VV',1),(58,'반기','VV',1),(59,'몰','VV',1),(60,'떠나','VV',1),(61,'거추장스럽','VA',1),(62,'반하','VV',1),(63,'뛰어오르','VV',1),(64,'책임지','VV',1),(65,'놀랍','VA',1),(66,'전하','VV',1),(67,'뽀','VV',1),(68,'빠져나가','VV',1),(69,'꺾','VV',1),(70,'더럽','VA',1),(71,'갑작스럽','VA',1),(72,'뜸하','VA',1),(73,'들여다보','VV',1),(74,'갚','VV',1),(75,'찾아들','VV',1),(76,'베','VV',1),(77,'모자라','VV',1),(78,'절','VV',1),(79,'벗어나','VV',1),(80,'째','VV',1),(81,'일어서','VV',1),(82,'찾아뵈','VV',1),(83,'힘들','VA',1),(84,'남아돌','VV',1),(85,'엄청나','VA',1),(86,'까다롭','VA',1),(87,'기나길','VA',1),(88,'결론짓','VV',1),(89,'남다르','VA',1),(90,'베풀','VV',1),(91,'쥐이','VV',1),(92,'틀','VV',1),(93,'빚','VV',1),(94,'따','VV',1),(95,'맞서','VV',1),(96,'아름답','VA',1),(97,'넘나들','VV',1),(98,'헤','VV',1),(99,'메','VV',1),(100,'정답','VA',1),(101,'집어넣','VV',1),(102,'택하','VV',1),(103,'이르','VV',1),(104,'답','XSA',1),(105,'알리','VV',1),(106,'올라가','VV',1),(107,'검','VA',1),(108,'나르','VV',1),(109,'돌려주','VV',1),(110,'사','VV',1),(111,'얄밉','VA',1),(112,'부드럽','VA',1),(113,'차갑','VA',1),(114,'매','VV',1),(115,'힘내','VV',1),(116,'약하','VA',1),(117,'낮추','VV',1),(118,'덜하','VA',1),(119,'다물','VV',1),(120,'거르','VV',1),(121,'닦','VV',1),(122,'녹','VV',1),(123,'커다랗','VA',1),(124,'둘러보','VV',1),(125,'모르','VV',1),(126,'두껍','VA',1),(127,'내밀','VV',1),(128,'재우','VV',1),(129,'날카롭','VA',1),(130,'쑥스럽','VA',1),(131,'가깝','VA',1),(132,'돌리','VV',1),(133,'적','VA',1),(134,'메스껍','VA',1),(135,'하얗','VA',1),(136,'재','VV',1),(137,'내걸','VV',1),(138,'빨','VV',1),(139,'스며들','VV',1),(140,'싫어하','VV',1),(141,'싣','VV',1),(142,'닮','VV',1),(143,'다가서','VV',1),(144,'기대','VV',1),(145,'눈멀','VV',1),(146,'살리','VV',1),(147,'떠오르','VV',1),(148,'혼내','VV',1),(149,'일어나','VV',1),(150,'거세','VA',1),(151,'내','VX',1),(152,'많','VA',1),(153,'갈아입','VV',1),(154,'비','VV',1),(155,'맛보','VV',1),(156,'돌','VV',1),(157,'정하','VV',1),(158,'그리','VV',1),(159,'감','VV',1),(160,'괜찮','VA',1),(161,'시키','VV',1),(162,'기다랗','VA',1),(163,'합치','VV',1),(164,'받아들이','VV',1),(165,'뜨겁','VA',1),(166,'면하','VV',1),(167,'대들','VV',1),(168,'능하','VA',1),(169,'기뻐하','VV',1),(170,'놀','VV',1),(171,'싱그럽','VA',1),(172,'있','VX',1),(173,'얼','VV',1),(174,'불리','VV',1),(175,'뛰어놀','VV',1),(176,'곤두서','VV',1),(177,'춤추','VV',1),(178,'돕','VV',1),(179,'모여들','VV',1),(180,'대','VV',1),(181,'속이','VV',1),(182,'맵','VA',1),(183,'매끄럽','VA',1),(184,'알아보','VV',1),(185,'우러러보','VV',1),(186,'파내','VV',1),(187,'걸어가','VV',1),(188,'헐','VV',1),(189,'얻','VV',1),(190,'봉하','VV',1),(191,'지르','VV',1),(192,'찾아보','VV',1),(193,'웃','VV',1),(194,'어지르','VV',1),(195,'앞지르','VV',1),(196,'우러르','VV',1),(197,'한하','VV',1),(198,'저물','VV',1),(199,'씻','VV',1),(200,'버리','VV',1),(201,'내뱉','VV',1),(202,'더하','VV',1),(203,'기르','VV',1),(204,'느끼','VV',1),(205,'우습','VA',1),(206,'의하','VV',1),(207,'나가','VV',1),(208,'갈아타','VV',1),(209,'길','VA',1),(210,'떠나가','VV',1),(211,'배고프','VA',1),(212,'짜','VV',1),(213,'쓰','VV',1),(214,'늘어나','VV',1),(215,'머나멀','VA',1),(216,'생기','VV',1),(217,'가하','VV',1),(218,'비비','VV',1),(219,'흐리','VA',1),(220,'저지르','VV',1),(221,'올려놓','VV',1),(222,'가로젓','VV',1),(223,'드러내','VV',1),(224,'안기','VV',1),(225,'고치','VV',1),(226,'주고받','VV',1),(227,'이쁘','VA',1),(228,'차리','VV',1),(229,'나쁘','VA',1),(230,'합하','VV',1),(231,'뒤돌','VV',1),(232,'찌','VV',1),(233,'빼내','VV',1),(234,'단조롭','VA',1),(235,'들어오','VV',1),(236,'튀기','VV',1),(237,'간지럽','VA',1),(238,'나','VV',1),(239,'삐','VV',1),(240,'접','VV',1),(241,'찾아내','VV',1),(242,'상관없','VA',1),(243,'아리땁','VA',1),(244,'밝히','VV',1),(245,'내주','VV',1),(246,'불','VV',1),(247,'건너','VV',1),(248,'찾아오','VV',1),(249,'가로채','VV',1),(250,'깎아내리','VV',1),(251,'늘리','VV',1),(252,'속','VV',1),(253,'놓아두','VV',1),(254,'참답','VA',1),(255,'새빨갛','VA',1),(256,'오','VV',1),(257,'잇','VV',1),(258,'모질','VA',1),(259,'잘나','VA',1),(260,'기다리','VV',1),(261,'떠나보내','VV',1),(262,'날리','VV',1),(263,'못하','VA',1),(264,'외롭','VA',1),(265,'비우','VV',1),(266,'막','VV',1),(267,'가렵','VA',1),(268,'미워하','VV',1),(269,'알아듣','VV',1),(270,'뒤돌아서','VV',1),(271,'잠그','VV',1),(272,'꺼내','VV',1),(273,'입','VV',1),(274,'말','VX',1),(275,'들여보내','VV',1),(276,'끊','VV',1),(277,'타오르','VV',1),(278,'돌아보','VV',1),(279,'내','VV',1),(280,'연잇','VV',1),(281,'쓰러지','VV',1),(282,'대하','VV',1),(283,'내리','VV',1),(284,'크','VV',1),(285,'정겹','VA',1),(286,'따지','VV',1),(287,'시','VA',1),(288,'크','VA',1),(289,'빨갛','VA',1),(290,'달려가','VV',1),(291,'버티','VV',1),(292,'돌려보내','VV',1),(293,'가져다주','VV',1),(294,'갖추','VV',1),(295,'달구','VV',1),(296,'답하','VV',1),(297,'사그라들','VV',1),(298,'아니하','VX',1),(299,'어둡','VA',1),(300,'기','VV',1),(301,'아쉽','VA',1),(302,'않','VX',1),(303,'내려다보','VV',1),(304,'갈','VV',1),(305,'젓','VV',1),(306,'겹치','VV',1),(307,'겸하','VV',1),(308,'되','XSV',1),(309,'헤매','VV',1),(310,'끝내','VV',1),(311,'흔들리','VV',1),(312,'도와주','VV',1),(313,'쪼','VV',1),(314,'부러워하','VV',1),(315,'깃들','VV',1),(316,'볶','VV',1),(317,'그렇','VA',1),(318,'오르','VV',1),(319,'재밌','VA',1),(320,'꽂','VV',1),(321,'사고팔','VV',1),(322,'뽑','VV',1),(323,'묶','VV',1),(324,'지','VX',1),(325,'들어주','VV',1),(326,'관하','VV',1),(327,'안','VV',1),(328,'들뜨','VV',1),(329,'기울이','VV',1),(330,'낯설','VA',1),(331,'메우','VV',1),(332,'밉','VA',1),(333,'머물','VV',1),(334,'다르','VA',1),(335,'놓아주','VV',1),(336,'차','VV',1),(337,'섞','VV',1),(338,'갈아주','VV',1),(339,'쏘','VV',1),(340,'주어지','VV',1),(341,'뒤','VV',1),(342,'잘살','VV',1),(343,'향하','VV',1),(344,'썰','VV',1),(345,'들','VX',1),(346,'주워듣','VV',1),(347,'바라','VV',1),(348,'마지못하','VA',1),(349,'좋아하','VV',1),(350,'취하','VV',1),(351,'견주','VV',1),(352,'쳐부수','VV',1),(353,'부끄럽','VA',1),(354,'기울','VV',1),(355,'붙들','VV',1),(356,'생겨나','VV',1),(357,'뛰','VV',1),(358,'벌주','VV',1),(359,'이루','VV',1),(360,'손들','VV',1),(361,'캐','VV',1),(362,'롭','XSA',1),(363,'끌리','VV',1),(364,'감싸','VV',1),(365,'주','VX',1),(366,'스럽','XSA',1),(367,'꿰매','VV',1),(368,'바라보','VV',1),(369,'당하','XSV',1),(370,'담그','VV',1),(371,'내려가','VV',1),(372,'부르','VV',1),(373,'아끼','VV',1),(374,'임하','VV',1),(375,'서투르','VA',1),(376,'놓','VV',1),(377,'벌겋','VA',1),(378,'찌들','VV',1),(379,'꼬','VV',1),(380,'캐내','VV',1),(381,'퍼붓','VV',1),(382,'새롭','VA',1),(383,'해내','VV',1),(384,'끼우','VV',1),(385,'끄','VV',1),(386,'맞','VV',1),(387,'속상하','VA',1),(388,'쉬','VV',1),(389,'힘주','VV',1),(390,'오래되','VV',1),(391,'되받','VV',1),(392,'조그맣','VA',1),(393,'벌','VV',1),(394,'뜨','VV',1),(395,'춥','VA',1),(396,'진하','VA',1),(397,'몰려들','VV',1),(398,'멈추','VV',1),(399,'붓','VV',1),(400,'서툴','VA',1),(401,'뭉치','VV',1),(402,'뿌옇','VA',1),(403,'고프','VA',1),(404,'거두','VV',1),(405,'조르','VV',1),(406,'띠','VV',1),(407,'비추','VV',1),(408,'떨','VV',1),(409,'힘겹','VA',1),(410,'지니','VV',1),(411,'바뀌','VV',1),(412,'밀','VV',1),(413,'다투','VV',1),(414,'귀하','VA',1),(415,'미끄럽','VA',1),(416,'키우','VV',1),(417,'돋우','VV',1),(418,'하','VV',1),(419,'슬퍼하','VV',1),(420,'금하','VV',1),(421,'저미','VV',1),(422,'가꾸','VV',1),(423,'들르','VV',1),(424,'돌아가','VV',1),(425,'뵙','VV',1),(426,'가두','VV',1),(427,'내닫','VV',1),(428,'이루어지','VV',1),(429,'겹','VA',1),(430,'뒤따르','VV',1),(431,'달라지','VV',1),(432,'보','VV',1),(433,'없애','VV',1),(434,'잡','VV',1),(435,'물들','VV',1),(436,'늘','VV',1),(437,'줄짓','VV',1),(438,'역겹','VA',1),(439,'처하','VV',1),(440,'지켜보','VV',1),(441,'서','VV',1),(442,'표하','VV',1),(443,'아물','VV',1),(444,'작','VA',1),(445,'피하','VV',1),(446,'찍','VV',1),(447,'추','VV',1),(448,'나아가','VV',1),(449,'다가가','VV',1),(450,'까지','VV',1),(451,'뿌리','VV',1),(452,'반갑','VA',1),(453,'날아가','VV',1),(454,'지','VV',1),(455,'알아내','VV',1),(456,'깔','VV',1),(457,'치이','VV',1),(458,'알아주','VV',1),(459,'파랗','VA',1),(460,'굴','VV',1),(461,'긋','VV',1),(462,'끝나','VV',1),(463,'뛰어가','VV',1),(464,'나오','VV',1),(465,'덧바르','VV',1),(466,'바르','VV',1),(467,'들어서','VV',1),(468,'인하','VV',1),(469,'슬','VV',1),(470,'죄짓','VV',1),(471,'구하','VV',1),(472,'쏟','VV',1),(473,'멀','VA',1),(474,'놀라','VV',1),(475,'잇따르','VV',1),(476,'헤어지','VV',1),(477,'달하','VV',1),(478,'달','VV',1),(479,'잠들','VV',1),(480,'패','VV',1),(481,'시커멓','VA',1),(482,'새하얗','VA',1),(483,'데려가','VV',1),(484,'줍','VV',1),(485,'사사롭','VA',1),(486,'되묻','VV',1),(487,'기쁘','VA',1),(488,'칭하','VV',1),(489,'돌아오','VV',1),(490,'징그럽','VA',1),(491,'아깝','VA',1),(492,'들어가','VV',1),(493,'어질','VA',1),(494,'어렵','VA',1),(495,'이기','VV',1),(496,'우스꽝스럽','VA',1),(497,'꾀','VV',1),(498,'보태','VV',1),(499,'뜯어보','VV',1),(500,'격하','VA',1),(501,'빛내','VV',1),(502,'남기','VV',1),(503,'자라나','VV',1),(504,'쳐다보','VV',1),(505,'멍들','VV',1),(506,'이롭','VA',1),(507,'착하','VA',1),(508,'같','VA',1),(509,'의롭','VA',1),(510,'찌르','VV',1),(511,'참','VV',1),(512,'치르','VV',1),(513,'챙기','VV',1),(514,'느리','VA',1),(515,'걷','VV',1),(516,'닫','VV',1),(517,'접어들','VV',1),(518,'뒤쫓','VV',1),(519,'건네','VV',1),(520,'두텁','VA',1),(521,'버리','VX',1),(522,'강하','VA',1),(523,'쪼개','VV',1),(524,'빌리','VV',1),(525,'팔','VV',1),(526,'물려주','VV',1),(527,'아쉬워하','VV',1),(528,'바래','VV',1),(529,'트','VV',1),(530,'지내','VV',1),(531,'엿듣','VV',1),(532,'늦','VA',1),(533,'풀','VV',1),(534,'심하','VA',1),(535,'돌보','VV',1),(536,'올리','VV',1),(537,'찾','VV',1),(538,'어우르','VV',1),(539,'흐르','VV',1),(540,'펴','VV',1),(541,'흘러가','VV',1),(542,'미루','VV',1),(543,'나','VX',1),(544,'깨','VV',1),(545,'변하','VV',1),(546,'그만두','VV',1),(547,'토하','VV',1),(548,'스미','VV',1),(549,'덥','VA',1),(550,'피','VV',1),(551,'새','VV',1),(552,'애쓰','VV',1),(553,'가볍','VA',1),(554,'뚫리','VV',1),(555,'드나들','VV',1),(556,'메마르','VA',1),(557,'가지','VV',1),(558,'당하','VV',1),(559,'괴롭','VA',1),(560,'급작스럽','VA',1),(561,'내보내','VV',1),(562,'먹고살','VV',1),(563,'모으','VV',1),(564,'본받','VV',1),(565,'돌려받','VV',1),(566,'가리','VV',1),(567,'새기','VV',1),(568,'물어보','VV',1),(569,'빼','VV',1),(570,'엎','VV',1),(571,'따갑','VA',1),(572,'부풀','VV',1),(573,'싸우','VV',1),(574,'거닐','VV',1),(575,'지키','VV',1),(576,'꿈꾸','VV',1),(577,'만들','VV',1),(578,'깨닫','VV',1),(579,'본뜨','VV',1),(580,'곱','VA',1),(581,'편하','VA',1),(582,'쌓','VV',1),(583,'하','VX',1),(584,'견디','VV',1),(585,'서두르','VV',1),(586,'맞추','VV',1),(587,'뒤집어쓰','VV',1),(588,'들여놓','VV',1),(589,'재미있','VA',1),(590,'끌려가','VV',1),(591,'일구','VV',1),(592,'태우','VV',1),(593,'떠들','VV',1),(594,'꾸','VV',1),(595,'게으르','VA',1),(596,'권하','VV',1),(597,'서럽','VA',1),(598,'들이','VV',1),(599,'깊','VA',1),(600,'뛰어나','VA',1),(601,'걸','VV',1),(602,'훑어보','VV',1),(603,'새까맣','VA',1),(604,'잊','VV',1),(605,'높이','VV',1),(606,'앞장서','VV',1),(607,'상하','VV',1),(608,'끌어내','VV',1),(609,'두','VV',1),(610,'즐기','VV',1),(611,'동그랗','VA',1),(612,'망치','VV',1),(613,'행하','VV',1),(614,'보드랍','VA',1),(615,'쳐내','VV',1),(616,'망하','VV',1),(617,'빛나','VV',1),(618,'읽','VV',1),(619,'훔치','VV',1),(620,'즐겁','VA',1),(621,'오','VX',1),(622,'싸','VV',1),(623,'감돌','VV',1),(624,'외우','VV',1),(625,'응하','VV',1),(626,'둥글','VA',1),(627,'살펴보','VV',1),(628,'끼어들','VV',1),(629,'줄이','VV',1),(630,'어지럽','VA',1),(631,'되','VV',1),(632,'끼','VV',1),(633,'여기','VV',1),(634,'마르','VV',1),(635,'씹','VV',1),(636,'문지르','VV',1),(637,'덜','VV',1),(638,'날아오르','VV',1),(639,'저러','VV',1),(640,'노랗','VA',1),(641,'껴안','VV',1),(642,'바래다주','VV',1),(643,'해보','VV',1),(644,'붙잡','VV',1),(645,'치','VV',1),(646,'무겁','VA',1),(647,'껴입','VV',1),(648,'시들','VV',1),(649,'가로지르','VV',1),(650,'울','VV',1),(651,'물','VV',1),(652,'하','XSV',1),(653,'야하','VA',1),(654,'성글','VA',1),(655,'쫓아내','VV',1),(656,'열','VV',1),(657,'세','VA',1),(658,'태어나','VV',1),(659,'짓','VV',1),(660,'배우','VV',1),(661,'그러','VV',1),(662,'죽이','VV',1),(663,'보내','VV',1),(664,'웃돌','VV',1),(665,'달래','VV',1),(666,'까맣','VA',1),(667,'신','VV',1),(668,'건너가','VV',1),(669,'늦추','VV',1),(670,'던지','VV',1),(671,'바꾸','VV',1),(672,'바쁘','VA',1),(673,'프','VX',1),(674,'덮','VV',1),(675,'내놓','VV',1),(676,'떼','VV',1),(677,'다니','VV',1),(678,'삼가','VV',1),(679,'말','VV',1),(680,'살아가','VV',1),(681,'밟','VV',1),(682,'잃어버리','VV',1),(683,'거들','VV',1),(684,'꾸미','VV',1),(685,'밝혀내','VV',1),(686,'기어가','VV',1),(687,'못하','VX',1),(688,'생각나','VV',1),(689,'뒤흔들','VV',1),(690,'지나가','VV',1),(691,'익히','VV',1),(692,'풀어내','VV',1),(693,'보아주','VV',1),(694,'일','VV',1),(695,'빠르','VA',1),(696,'가져오','VV',1),(697,'시끄럽','VA',1),(698,'안쓰럽','VA',1),(699,'이렇','VA',1),(700,'가르치','VV',1),(701,'고맙','VA',1),(702,'심','VV',1),(703,'피우','VV',1),(704,'너그럽','VA',1),(705,'넘','VV',1),(706,'넘겨주','VV',1),(707,'가','VV',1),(708,'마시','VV',1),(709,'지우','VV',1),(710,'두렵','VA',1),(711,'위하','VV',1),(712,'일컫','VV',1),(713,'어쩌','VV',1),(714,'좋','VA',1),(715,'패하','VV',1),(716,'넣','VV',1),(717,'슬프','VA',1),(718,'휘젓','VV',1),(719,'뛰어들','VV',1),(720,'고','VV',1),(721,'자라','VV',1),(722,'숨기','VV',1),(723,'켜','VV',1),(724,'두르','VV',1),(725,'지겹','VA',1),(726,'거스르','VV',1),(727,'결정짓','VV',1),(728,'가져가','VV',1),(729,'담','VV',1),(730,'싱겁','VA',1),(731,'눕','VV',1),(732,'다루','VV',1),(733,'타','VV',1),(734,'녹슬','VV',1),(735,'받','VV',1),(736,'청하','VV',1),(737,'그립','VA',1),(738,'넓히','VV',1),(739,'깨어나','VV',1),(740,'채','VV',1),(741,'나누','VV',1),(742,'흘려보내','VV',1),(743,'속하','VV',1),(744,'두려워하','VV',1),(745,'귀엽','VA',1),(746,'싫','VA',1),(747,'내려놓','VV',1),(748,'헤치','VV',1),(749,'시키','XSV',1),(750,'세우','VV',1),(751,'어리','VA',1),(752,'불어넣','VV',1),(753,'보','VX',1),(754,'무덥','VA',1),(755,'나가','VX',1),(756,'탐내','VV',1),(757,'나무라','VV',1),(758,'엿보','VV',1),(759,'살','VV',1),(760,'매달','VV',1),(761,'맛있','VA',1),(762,'접하','VV',1),(763,'나서','VV',1),(764,'되뇌','VV',1),(765,'끌','VV',1),(766,'따라가','VV',1),(767,'쉽','VA',1),(768,'지나','VV',1),(769,'뽑아내','VV',1),(770,'파고들','VV',1),(771,'둔하','VA',1),(772,'번거롭','VA',1),(773,'막히','VV',1),(774,'앉','VV',1),(775,'비하','VV',1),(776,'무섭','VA',1),(777,'줄어들','VV',1),(778,'찾아가','VV',1),(779,'붙이','VV',1),(780,'비싸','VA',1),(781,'고르','VV',1),(782,'억누르','VV',1),(783,'없','VA',1),(784,'원하','VV',1),(785,'알','VV',1),(786,'사납','VA',1),(787,'따르','VV',1),(788,'부수','VV',1),(789,'어떻','VA',1),(790,'누르','VV',1),(791,'하','XSA',1),(792,'추리','VV',1),(793,'들려주','VV',1),(794,'털','VV',1),(795,'싶','VX',1),(796,'놓','VX',1),(797,'옮기','VV',1),(798,'맴돌','VV',1),(799,'해롭','VA',1),(800,'아뢰','VV',1),(801,'삼가하','VV',1),(802,'그르','VA',1),(803,'앞서','VV',1),(804,'머무르','VV',1),(805,'자르','VV',1),(806,'몰려오','VV',1),(807,'낚','VV',1),(808,'급하','VA',1),(809,'흔하','VA',1),(810,'앞두','VV',1),(811,'감추','VV',1),(812,'드물','VA',1),(813,'보이','VV',1),(814,'드러나','VV',1),(815,'병들','VV',1),(816,'구르','VV',1),(817,'뭉개','VV',1),(818,'높','VA',1),(819,'믿','VV',1),(820,'흘러나오','VV',1),(821,'갖','VV',1),(822,'빠지','VV',1),(823,'예쁘','VA',1),(824,'가엽','VA',1),(825,'발맞추','VV',1),(826,'파','VV',1),(827,'안타깝','VA',1),(828,'짓누르','VV',1),(829,'물밀','VV',1),(830,'베끼','VV',1),(831,'떨어지','VV',1),(832,'겉돌','VV',1),(833,'벌리','VV',1),(834,'비꼬','VV',1),(835,'범하','VV',1),(836,'손보','VV',1),(837,'벌이','VV',1),(838,'독하','VA',1),(839,'치우','VV',1),(840,'두','VX',1),(841,'넘치','VV',1),(842,'벗','VV',1),(843,'잃','VV',1),(844,'놀라워하','VV',1),(845,'허물','VV',1),(846,'모이','VV',1),(847,'휘두르','VV',1),(848,'불타오르','VV',1),(849,'빗','VV',1),(850,'뻗','VV',1),(851,'얹','VV',1),(852,'싸매','VV',1),(853,'넘기','VV',1),(854,'끄집','VV',1),(855,'노려보','VV',1),(856,'올라서','VV',1),(857,'흘러들','VV',1),(858,'떨치','VV',1),(859,'올려다보','VV',1),(860,'보살피','VV',1),(861,'흠잡','VV',1),(862,'가시','VV',1),(863,'올라오','VV',1),(864,'깨물','VV',1),(865,'내다보','VV',1),(866,'눈물겹','VA',1),(867,'쳐주','VV',1),(868,'꾀하','VV',1),(869,'쫓아가','VV',1),(870,'가느다랗','VA',1),(871,'엮이','VV',1),(872,'되돌아가','VV',1),(873,'옳','VA',1),(874,'적시','VV',1),(875,'관련짓','VV',1),(876,'손쉽','VA',1),(877,'타이르','VV',1),(878,'울부짖','VV',1),(879,'수줍','VA',1),(880,'색다르','VA',1),(881,'매듭짓','VV',1),(882,'무찌르','VV',1),(883,'삼','VV',1),(884,'줄','VV',1),(885,'눌리','VV',1),(886,'겨누','VV',1),(887,'쐬','VV',1),(888,'잡히','VV',1),(889,'제하','VV',1),(890,'드리','VX',1),(891,'넘어서','VV',1),(892,'눈뜨','VV',1),(893,'윽박지르','VV',1),(894,'돌려놓','VV',1),(895,'달려들','VV',1),(896,'시중들','VV',1),(897,'특징짓','VV',1),(898,'대','VX',1),(899,'준하','VV',1),(900,'정들','VV',1),(901,'뱉','VV',1),(902,'들추어내','VV',1),(903,'오리','VV',1),(904,'풀리','VV',1),(905,'껄끄럽','VA',1),(906,'부','VX',1),(907,'건네주','VV',1),(908,'물러나','VV',1),(909,'설레','VV',1),(910,'추하','VA',1),(911,'새겨듣','VV',1),(912,'떠올리','VV',1),(913,'꺽','VV',1),(914,'헷갈리','VV',1),(915,'깎','VV',1),(916,'험하','VA',1),(917,'괴로워하','VV',1),(918,'벅차','VA',1),(919,'늘어서','VV',1),(920,'되찾','VV',1),(921,'퍼지','VV',1),(922,'멋있','VA',1),(923,'가늘','VA',1),(924,'명하','VV',1),(925,'목마르','VA',1),(926,'타고나','VV',1),(927,'상스럽','VA',1),(928,'샛노랗','VA',1),(929,'묵','VV',1),(930,'꺼리','VV',1),(931,'고하','VV',1),(932,'잡아당기','VV',1),(933,'굴리','VV',1),(934,'저렇','VA',1),(935,'끓이','VV',1),(936,'쏘이','VV',1),(937,'덤벼들','VV',1),(938,'걸어오','VV',1),(939,'모','VV',1),(940,'어긋나','VV',1),(941,'주무르','VV',1),(942,'어이없','VA',1),(943,'맡','VV',1),(944,'걸리','VV',1),(945,'가르','VV',1),(946,'트이','VV',1),(947,'부끄러워하','VV',1),(948,'드러눕','VV',1),(949,'농사짓','VV',1),(950,'버겁','VA',1),(951,'되돌리','VV',1),(952,'뒤집','VV',1),(953,'물러서','VV',1),(954,'겪','VV',1),(955,'말리','VV',1),(956,'가','VX',1),(957,'엄하','VA',1),(958,'자아내','VV',1),(959,'파이','VV',1),(960,'쿵쿵거리','VV',1),(961,'내몰','VV',1),(962,'부어오르','VV',1),(963,'노리','VV',1),(964,'곱하','VV',1),(965,'애처롭','VA',1),(966,'붐비','VV',1),(967,'거치','VV',1),(968,'듣','VV',1),(969,'소문나','VV',1),(970,'남','VV',1),(971,'짚','VV',1),(972,'망설이','VV',1),(973,'밑돌','VV',1),(974,'긁','VV',1),(975,'활기차','VA',1),(976,'꺼지','VV',1),(977,'흥겹','VA',1),(978,'벗기','VV',1),(979,'내려서','VV',1),(980,'건너뛰','VV',1),(981,'써내','VV',1),(982,'밀치','VV',1),(983,'써넣','VV',1),(984,'도망가','VV',1),(985,'선하','VA',1),(986,'두드리','VV',1),(987,'서글프','VA',1),(988,'때리','VV',1),(989,'겨루','VV',1),(990,'뚫','VV',1),(991,'아우르','VV',1),(992,'바닥나','VV',1),(993,'공들','VV',1),(994,'매섭','VA',1),(995,'짧','VA',1),(996,'삶','VV',1),(997,'날아들','VV',1),(998,'씌우','VV',1),(999,'낫','VA',1),(1000,'마치','VV',1),(1001,'먹이','VV',1),(1002,'누','VV',1),(1003,'잦아들','VV',1),(1004,'불러내','VV',1),(1005,'깁','VV',1),(1006,'누렇','VA',1),(1007,'게우','VV',1),(1008,'썩','VV',1),(1009,'어울리','VV',1),(1010,'나뉘','VV',1),(1011,'끊기','VV',1),(1012,'때우','VV',1),(1013,'용하','VA',1),(1014,'얇','VA',1),(1015,'터지','VV',1),(1016,'식히','VV',1),(1017,'젊','VA',1),(1018,'줏','VV',1),(1019,'찍히','VV',1),(1020,'돌아다니','VV',1),(1021,'짜내','VV',1),(1022,'싸','VA',1),(1023,'달아오르','VV',1),(1024,'다가오','VV',1),(1025,'카','VV',1),(1026,'굴러가','VV',1),(1027,'몰리','VV',1),(1028,'내려오','VV',1),(1029,'예스럽','VA',1),(1030,'다치','VV',1),(1031,'들리','VV',1),(1032,'겁나','VV',1),(1033,'가려내','VV',1),(1034,'돌아눕','VV',1),(1035,'휑하','VA',1),(1036,'따라잡','VV',1),(1037,'널','VV',1),(1038,'굽히','VV',1),(1039,'누리','VV',1),(1040,'부치','VV',1),(1041,'꺼주','VV',1),(1042,'거리','VV',1),(1043,'다녀오','VV',1),(1044,'오그라들','VV',1),(1045,'으깨','VV',1),(1046,'빌','VV',1),(1047,'맺','VV',1),(1048,'털어놓','VV',1),(1049,'낚아채','VV',1),(1050,'우기','VV',1),(1051,'낳','VV',1),(1052,'수그러들','VV',1),(1053,'주되','VV',1),(1054,'퍼렇','VA',1),(1055,'붙어살','VV',1),(1056,'받치','VV',1),(1057,'떨어뜨리','VV',1),(1058,'경이롭','VA',1),(1059,'떠받들','VV',1),(1060,'덮치','VV',1),(1061,'흐트리','VV',1),(1062,'잦','VA',1),(1063,'배','VV',1),(1064,'나돌','VV',1),(1065,'질리','VV',1),(1066,'희뿌옇','VA',1),(1067,'차오르','VV',1),(1068,'헛돌','VV',1),(1069,'젖','VV',1),(1070,'사귀','VV',1),(1071,'싹트','VV',1),(1072,'달리','VV',1),(1073,'밀어붙이','VV',1),(1074,'잡아채','VV',1),(1075,'일깨우','VV',1),(1076,'뿜','VV',1),(1077,'끼이','VV',1),(1078,'시리','VA',1),(1079,'갇히','VV',1),(1080,'떠다니','VV',1),(1081,'가리우','VV',1),(1082,'선보이','VV',1),(1083,'내빼','VV',1),(1084,'싸납','VA',1),(1085,'세','VV',1),(1086,'둘러싸','VV',1),(1087,'불사르','VV',1),(1088,'기울어지','VV',1),(1089,'시꺼멓','VA',1),(1090,'뺏','VV',1),(1091,'내지르','VV',1),(1092,'여리','VA',1),(1093,'휩쓸','VV',1),(1094,'갈리','VV',1),(1095,'좀스럽','VA',1),(1096,'잡혀가','VV',1),(1097,'솎','VV',1),(1098,'짖','VV',1),(1099,'퍼내','VV',1),(1100,'굳세','VA',1),(1101,'올바르','VA',1),(1102,'떼어먹','VV',1),(1103,'나빠지','VV',1),(1104,'되살아나','VV',1),(1105,'품','VV',1),(1106,'쬐','VV',1),(1107,'와','VV',1),(1108,'몰아내','VV',1),(1109,'환하','VA',1),(1110,'끈질기','VA',1),(1111,'바치','VV',1),(1112,'더불','VV',1),(1113,'찡하','VA',1),(1114,'둥그렇','VA',1),(1115,'붙잡히','VV',1),(1116,'꼬이','VV',1),(1117,'혀','VV',1),(1118,'거칠','VA',1),(1119,'해묵','VV',1),(1120,'먹혀들','VV',1),(1121,'되돌아보','VV',1),(1122,'내비치','VV',1),(1123,'밀려나','VV',1),(1124,'탐스럽','VA',1),(1125,'받들','VV',1),(1126,'솟','VV',1),(1127,'어기','VV',1),(1128,'덮이','VV',1),(1129,'쳐들','VV',1),(1130,'가쁘','VA',1),(1131,'나아지','VV',1),(1132,'집','VV',1),(1133,'뒤바뀌','VV',1),(1134,'비끼','VV',1),(1135,'펴내','VV',1),(1136,'희부옇','VA',1),(1137,'추스르','VV',1),(1138,'뜯','VV',1),(1139,'키','VV',1),(1140,'매기','VV',1),(1141,'희','VA',1),(1142,'핥','VV',1),(1143,'훑','VV',1),(1144,'소용없','VA',1),(1145,'불어나','VV',1),(1146,'풍기','VV',1),(1147,'엮','VV',1),(1148,'얼리','VV',1),(1149,'물리','VV',1),(1150,'안타까워하','VV',1),(1151,'쑤시','VV',1),(1152,'목매','VV',1),(1153,'무릅쓰','VV',1),(1154,'기하','VV',1),(1155,'고달프','VA',1),(1156,'무르','VV',1),(1157,'포개','VV',1),(1158,'당기','VV',1),(1159,'열리','VV',1),(1160,'치켜들','VV',1),(1161,'일삼','VV',1),(1162,'깨지','VV',1),(1163,'불타','VV',1),(1164,'움직이','VV',1),(1165,'쑤','VV',1),(1166,'기웃거리','VV',1),(1167,'튀','VV',1),(1168,'비키','VV',1),(1169,'밝','VA',1),(1170,'떨리','VV',1),(1171,'뽀얗','VA',1),(1172,'끼치','VV',1),(1173,'놓치','VV',1),(1174,'그치','VV',1),(1175,'서성거리','VV',1),(1176,'에우','VV',1),(1177,'뒤돌아보','VV',1),(1178,'숨지','VV',1),(1179,'무너지','VV',1),(1180,'졸라매','VV',1),(1181,'살찌','VV',1),(1182,'밀려들','VV',1),(1183,'얕보','VV',1),(1184,'곪','VV',1),(1185,'내려지','VV',1),(1186,'시달리','VV',1),(1187,'지나치','VA',1),(1188,'꾸리','VV',1),(1189,'좁','VA',1),(1190,'펼치','VV',1),(1191,'스치','VV',1),(1192,'깍','VV',1),(1193,'분하','VA',1),(1194,'자그맣','VA',1),(1195,'따오','VV',1),(1196,'캐묻','VV',1),(1197,'거듭나','VV',1),(1198,'죄','VV',1),(1199,'똑같','VA',1),(1200,'치닫','VV',1),(1201,'일으키','VV',1),(1202,'옥죄','VV',1),(1203,'돌이키','VV',1),(1204,'기어오르','VV',1),(1205,'머지않','VA',1),(1206,'언짢','VA',1),(1207,'축이','VV',1),(1208,'꺾이','VV',1),(1209,'무너뜨리','VV',1),(1210,'커지','VV',1),(1211,'힘차','VA',1),(1212,'괴','VV',1),(1213,'띄','VV',1),(1214,'편들','VV',1),(1215,'살갑','VA',1),(1216,'얕','VA',1),(1217,'여물','VV',1),(1218,'성나','VV',1),(1219,'데','VV',1),(1220,'높다랗','VA',1),(1221,'점하','VV',1),(1222,'눋','VV',1),(1223,'마주치','VV',1),(1224,'잇달','VV',1),(1225,'개','VV',1),(1226,'들이대','VV',1),(1227,'지치','VV',1),(1228,'올라타','VV',1),(1229,'우러나','VV',1),(1230,'쓰이','VV',1),(1231,'미치','VV',1),(1232,'시퍼렇','VA',1),(1233,'건지','VV',1),(1234,'붉','VA',1),(1235,'허','VV',1),(1236,'마렵','VA',1),(1237,'숨어들','VV',1),(1238,'뛰놀','VV',1),(1239,'살아오','VV',1),(1240,'밀리','VV',1),(1241,'조그만하','VA',1),(1242,'멋지','VA',1),(1243,'사라지','VV',1),(1244,'뭣하','VA',1),(1245,'빨리','VV',1),(1246,'돋보이','VV',1),(1247,'녹이','VV',1),(1248,'쓰리','VA',1),(1249,'한결같','VA',1),(1250,'섞이','VV',1),(1251,'비기','VV',1),(1252,'어처구니없','VA',1),(1253,'잡아내','VV',1),(1254,'씻기','VV',1),(1255,'움츠러들','VV',1),(1256,'그라','VV',1),(1257,'물러가','VV',1),(1258,'빼놓','VV',1),(1259,'나뒹굴','VV',1),(1260,'신나','VV',1),(1261,'시뻘겋','VA',1),(1262,'잘생기','VA',1),(1263,'살아나','VV',1),(1264,'밤늦','VA',1),(1265,'말미암','VV',1),(1266,'달갑','VA',1),(1267,'꿰','VV',1),(1268,'틀리','VV',1),(1269,'걷어차','VV',1),(1270,'앓','VV',1),(1271,'내젓','VV',1),(1272,'옭','VV',1),(1273,'내보','VV',1),(1274,'울리','VV',1),(1275,'기름지','VA',1),(1276,'낮','VA',1),(1277,'꼽히','VV',1),(1278,'에두르','VV',1),(1279,'수많','VA',1),(1280,'넘어오','VV',1),(1281,'저버리','VV',1),(1282,'굳','VA',1),(1283,'미덥','VA',1),(1284,'잠자','VV',1),(1285,'숱하','VA',1),(1286,'바로잡','VV',1),(1287,'헤엄치','VV',1),(1288,'숙이','VV',1),(1289,'돋아나','VV',1),(1290,'괜하','VA',1),(1291,'뻗치','VV',1),(1292,'후려치','VV',1),(1293,'찾아뵙','VV',1),(1294,'길들이','VV',1),(1295,'뻔하','VA',1),(1296,'들먹이','VV',1),(1297,'삼키','VV',1),(1298,'빠져나오','VV',1),(1299,'졸리','VV',1),(1300,'웅크리','VV',1),(1301,'그지없','VA',1),(1302,'부시','VV',1),(1303,'움켜잡','VV',1),(1304,'불러일으키','VV',1),(1305,'바람나','VV',1),(1306,'다름없','VA',1),(1307,'발라내','VV',1),(1308,'가라앉히','VV',1),(1309,'뿌리치','VV',1),(1310,'괴롭히','VV',1),(1311,'헤아리','VV',1),(1312,'찢기','VV',1),(1313,'다잡','VV',1),(1314,'째려보','VV',1),(1315,'뒤섞이','VV',1),(1316,'되돌','VV',1),(1317,'폭넓','VA',1),(1318,'푸르','VA',1),(1319,'빚어지','VV',1),(1320,'좁히','VV',1),(1321,'못되','VA',1),(1322,'꼬시','VV',1),(1323,'끝없','VA',1),(1324,'숨','VV',1),(1325,'뒤척이','VV',1),(1326,'재미없','VA',1),(1327,'터뜨리','VV',1),(1328,'찔리','VV',1),(1329,'달','VX',1),(1330,'미끄러지','VV',1),(1331,'넘보','VV',1),(1332,'빼돌리','VV',1),(1333,'꽃피','VV',1),(1334,'맞히','VV',1),(1335,'널따랗','VA',1),(1336,'빗발치','VV',1),(1337,'도망치','VV',1),(1338,'풀려나','VV',1),(1339,'찢어지','VV',1),(1340,'비틀거리','VV',1),(1341,'빛바래','VA',1),(1342,'끊어지','VV',1),(1343,'묘하','VA',1),(1344,'닿','VV',1),(1345,'동여매','VV',1),(1346,'쫓기','VV',1),(1347,'다듬','VV',1),(1348,'접히','VV',1),(1349,'힘없','VA',1),(1350,'비뚤어지','VV',1),(1351,'엎치','VV',1),(1352,'맞받아치','VV',1),(1353,'막다르','VA',1),(1354,'말아먹','VV',1),(1355,'부질없','VA',1),(1356,'흥하','VV',1),(1357,'때','VV',1),(1358,'빈틈없','VA',1),(1359,'끼얹','VV',1),(1360,'넓','VA',1),(1361,'헛되','VA',1),(1362,'성가시','VA',1),(1363,'담아내','VV',1),(1364,'기죽','VV',1),(1365,'꿇','VV',1),(1366,'쓸데없','VA',1),(1367,'뒤늦','VA',1),(1368,'못나','VA',1),(1369,'짊어지','VV',1),(1370,'잊히','VV',1),(1371,'살아남','VV',1),(1372,'알맞','VA',1),(1373,'들이받','VV',1),(1374,'띄우','VV',1),(1375,'배부르','VA',1),(1376,'인정받','VV',1),(1377,'틀림없','VA',1),(1378,'그리워하','VV',1),(1379,'외치','VV',1),(1380,'처지','VV',1),(1381,'빨개지','VV',1),(1382,'터무니없','VA',1),(1383,'굼뜨','VA',1),(1384,'어려워하','VV',1),(1385,'헤이','VV',1),(1386,'끌어안','VV',1),(1387,'퍼뜨리','VV',1),(1388,'끊임없','VA',1),(1389,'족하','VA',1),(1390,'다그치','VV',1),(1391,'들어차','VV',1),(1392,'흘기','VV',1),(1393,'망가지','VV',1),(1394,'서슴','VV',1),(1395,'알차','VA',1),(1396,'혼나','VV',1),(1397,'튀어나오','VV',1),(1398,'얽매','VV',1),(1399,'늙','VV',1),(1400,'다스리','VV',1),(1401,'힘닿','VV',1),(1402,'새우','VV',1),(1403,'솟아오르','VV',1),(1404,'쳐들어가','VV',1),(1405,'볼품없','VA',1),(1406,'푸르르','VA',1),(1407,'별나','VA',1),(1408,'더디','VA',1),(1409,'쫓겨나','VV',1),(1410,'뛰어넘','VV',1),(1411,'담기','VV',1),(1412,'너르','VA',1),(1413,'모두','VV',1),(1414,'끄덕이','VV',1),(1415,'지어내','VV',1),(1416,'실리','VV',1),(1417,'놀아나','VV',1),(1418,'유례없','VA',1),(1419,'엿보이','VV',1),(1420,'터트리','VV',1),(1421,'잠재우','VV',1),(1422,'손잡','VV',1),(1423,'맞바꾸','VV',1),(1424,'어루만지','VV',1),(1425,'노닐','VV',1),(1426,'보내오','VV',1),(1427,'뒤틀리','VV',1),(1428,'새파랗','VA',1),(1429,'볼썽사납','VA',1),(1430,'헤어나','VV',1),(1431,'돌아서','VV',1),(1432,'잠기','VV',1),(1433,'버금가','VV',1),(1434,'불러오','VV',1),(1435,'휘','VV',1),(1436,'참되','VA',1),(1437,'사들이','VV',1),(1438,'쓸모없','VA',1),(1439,'짓밟','VV',1),(1440,'피어나','VV',1),(1441,'뒤처지','VV',1),(1442,'부리','VV',1),(1443,'별다르','VA',1),(1444,'이','VV',1),(1445,'뀌','VV',1),(1446,'깔리','VV',1),(1447,'빼앗기','VV',1),(1448,'기억나','VV',1),(1449,'걸려들','VV',1),(1450,'달아나','VV',1),(1451,'앞당기','VV',1),(1452,'한숨짓','VV',1),(1453,'규정짓','VV',1),(1454,'내디디','VV',1),(1455,'날아다니','VV',1),(1456,'밀려오','VV',1),(1457,'바르','VA',1),(1458,'부르짖','VV',1),(1459,'비치','VV',1),(1460,'맛없','VA',1),(1461,'값싸','VA',1),(1462,'뺏기','VV',1),(1463,'뉘','VV',1),(1464,'따라오','VV',1),(1465,'머뭇거리','VV',1),(1466,'떠맡','VV',1),(1467,'물려받','VV',1),(1468,'딸리','VV',1),(1469,'벌어지','VV',1),(1470,'얼어붙','VV',1),(1471,'섬기','VV',1),(1472,'즐거워하','VV',1),(1473,'내리쬐','VV',1),(1474,'탐나','VV',1),(1475,'말려들','VV',1),(1476,'까불','VV',1),(1477,'날','VV',1),(1478,'굵','VA',1),(1479,'생색내','VV',1),(1480,'주저앉','VV',1),(1481,'만지','VV',1),(1482,'웃기','VV',1),(1483,'날뛰','VV',1),(1484,'되살리','VV',1),(1485,'솔','VA',1),(1486,'치우치','VV',1),(1487,'멋쩍','VA',1),(1488,'떠먹','VV',1),(1489,'넘쳐흐르','VV',1),(1490,'데려오','VV',1),(1491,'불태우','VV',1),(1492,'기껍','VA',1),(1493,'닥치','VV',1),(1494,'붙박','VV',1),(1495,'욕먹','VV',1),(1496,'몰아주','VV',1),(1497,'딱하','VA',1),(1498,'강요받','VV',1),(1499,'조이','VV',1),(1500,'가만있','VV',1),(1501,'부러지','VV',1),(1502,'뛰어내리','VV',1),(1503,'물어뜯','VV',1),(1504,'장난삼','VV',1),(1505,'보람차','VA',1),(1506,'관계있','VA',1),(1507,'놓이','VV',1),(1508,'맑','VA',1),(1509,'미어지','VV',1),(1510,'팔리','VV',1),(1511,'씌','VV',1),(1512,'부풀리','VV',1),(1513,'졸','VV',1),(1514,'않','VV',1),(1515,'박히','VV',1),(1516,'비틀','VV',1),(1517,'믿기','VV',1),(1518,'값비싸','VA',1),(1519,'긁어모으','VV',1),(1520,'성내','VV',1),(1521,'삭히','VV',1),(1522,'건너오','VV',1),(1523,'어떡하','VV',1),(1524,'이어지','VV',1),(1525,'노오랗','VA',1),(1526,'가파르','VA',1),(1527,'잊어버리','VV',1),(1528,'부서지','VV',1),(1529,'흘러내리','VV',1),(1530,'펼쳐지','VV',1),(1531,'힘세','VA',1),(1532,'돋','VV',1),(1533,'번지','VV',1),(1534,'섣부르','VA',1),(1535,'벌어들이','VV',1),(1536,'못생기','VA',1),(1537,'서리','VV',1),(1538,'지피','VV',1),(1539,'휘날리','VV',1),(1540,'쓸어버리','VV',1),(1541,'쥐어짜','VV',1),(1542,'흩어지','VV',1),(1543,'풀어지','VV',1),(1544,'파헤치','VV',1),(1545,'들어내','VV',1),(1546,'마음먹','VV',1),(1547,'달려오','VV',1),(1548,'도려내','VV',1),(1549,'어리석','VA',1),(1550,'몰아넣','VV',1),(1551,'살피','VV',1),(1552,'쎄','VA',1),(1553,'변함없','VA',1),(1554,'몰려가','VV',1),(1555,'떠안','VV',1),(1556,'비웃','VV',1),(1557,'빼앗','VV',1),(1558,'쏠리','VV',1),(1559,'꽃피우','VV',1),(1560,'사이좋','VA',1),(1561,'뒤지','VV',1),(1562,'치솟','VV',1),(1563,'쥐','VV',1),(1564,'흘리','VV',1),(1565,'멎','VV',1),(1566,'떠지','VV',1),(1567,'끌어들이','VV',1),(1568,'밟히','VV',1),(1569,'다지','VV',1),(1570,'죽여주','VV',1),(1571,'소리치','VV',1),(1572,'박','VV',1),(1573,'꼬드기','VV',1),(1574,'떠넘기','VV',1),(1575,'엇갈리','VV',1),(1576,'끌어올리','VV',1),(1577,'사리','VV',1),(1578,'부추기','VV',1),(1579,'순하','VA',1),(1580,'묽','VA',1),(1581,'천하','VA',1),(1582,'거슬리','VV',1),(1583,'되짚','VV',1),(1584,'끓','VV',1),(1585,'울렁거리','VV',1),(1586,'계시','VX',1),(1587,'버려두','VV',1),(1588,'까보','VV',1),(1589,'끓어오르','VV',1),(1590,'업','VV',1),(1591,'뒤쳐지','VV',1),(1592,'맞아들이','VV',1),(1593,'뒤따라가','VV',1),(1594,'구겨지','VV',1),(1595,'가다듬','VV',1),(1596,'들추','VV',1),(1597,'곁들이','VV',1),(1598,'엷','VA',1),(1599,'끄집어내','VV',1),(1600,'불나','VV',1),(1601,'악물','VV',1),(1602,'끌어가','VV',1),(1603,'우하','VA',1),(1604,'넘어뜨리','VV',1),(1605,'겉핥','VV',1),(1606,'갈아엎','VV',1),(1607,'닫히','VV',1),(1608,'몰아가','VV',1),(1609,'휩싸이','VV',1),(1610,'잘나가','VV',1),(1611,'나투','VV',1),(1612,'굶','VV',1),(1613,'불거지','VV',1),(1614,'꼽','VV',1),(1615,'조지','VV',1),(1616,'도맡','VV',1),(1617,'굴뚝같','VA',1),(1618,'찢','VV',1),(1619,'벼르','VV',1),(1620,'익','VV',1),(1621,'어설프','VA',1),(1622,'대수롭','VA',1),(1623,'꿈같','VA',1),(1624,'팔아먹','VV',1),(1625,'가만두','VV',1),(1626,'만만찮','VA',1),(1627,'아파하','VV',1),(1628,'매달리','VV',1),(1629,'굴곡지','VA',1),(1630,'허옇','VA',1),(1631,'멀','VV',1),(1632,'엎드리','VV',1),(1633,'휘어지','VV',1),(1634,'업히','VV',1),(1635,'기막히','VA',1),(1636,'몸져눕','VV',1),(1637,'메꾸','VV',1),(1638,'허','XSA',1),(1639,'뼈아프','VA',1),(1640,'뛰어다니','VV',1),(1641,'기리','VV',1),(1642,'오래','VA',1),(1643,'쏠','VV',1),(1644,'다다르','VV',1),(1645,'건네받','VV',1),(1646,'드세','VA',1),(1647,'뒤집히','VV',1),(1648,'맞물리','VV',1),(1649,'꿈틀거리','VV',1),(1650,'보채','VV',1),(1651,'잡아가','VV',1),(1652,'밀어주','VV',1),(1653,'솟아나','VV',1),(1654,'둘리','VV',1),(1655,'어우러지','VV',1),(1656,'내버리','VV',1),(1657,'어리','VV',1),(1658,'눈부시','VA',1),(1659,'움트','VV',1),(1660,'쌓이','VV',1),(1661,'잦아지','VV',1),(1662,'가라앉','VV',1),(1663,'먹히','VV',1),(1664,'오가','VV',1),(1665,'겁먹','VV',1),(1666,'맞대','VV',1),(1667,'물리치','VV',1),(1668,'새카맣','VA',1),(1669,'문제없','VA',1),(1670,'빠뜨리','VV',1),(1671,'넘어지','VV',1),(1672,'낡','VA',1),(1673,'깎이','VV',1),(1674,'남부럽','VA',1),(1675,'철통같','VA',1),(1676,'쓸','VV',1),(1677,'몰아치','VV',1),(1678,'묻히','VV',1),(1679,'가려보','VV',1),(1680,'담구','VV',1),(1681,'결말짓','VV',1),(1682,'두드러지','VA',1),(1683,'들이박','VV',1),(1684,'드높','VA',1),(1685,'기똥차','VA',1),(1686,'두근거리','VV',1),(1687,'거들뜨','VV',1),(1688,'적잖','VA',1);
/*!40000 ALTER TABLE `WORDS` ENABLE KEYS */;
UNLOCK TABLES;
/*!40103 SET TIME_ZONE=@OLD_TIME_ZONE */;

/*!40101 SET SQL_MODE=@OLD_SQL_MODE */;
/*!40014 SET FOREIGN_KEY_CHECKS=@OLD_FOREIGN_KEY_CHECKS */;
/*!40014 SET UNIQUE_CHECKS=@OLD_UNIQUE_CHECKS */;
/*!40101 SET CHARACTER_SET_CLIENT=@OLD_CHARACTER_SET_CLIENT */;
/*!40101 SET CHARACTER_SET_RESULTS=@OLD_CHARACTER_SET_RESULTS */;
/*!40101 SET COLLATION_CONNECTION=@OLD_COLLATION_CONNECTION */;
/*!40111 SET SQL_NOTES=@OLD_SQL_NOTES */;

-- Dump completed on 2021-06-11 20:07:32
